2.416170724425901,48.8645278209514,31705 - CHAMPEAUX (BAGNOLET)
2.348395236282807,48.87242006305313,10042 - POISSONNIÈRE - ENGHIEN
2.319860054774211,48.882148945631904,08020 - METRO ROME
2.330493511399174,48.8682170167744,01022 - RUE DE LA PAIX
2.412715733388685,48.893268664697416,35014 - DE GAULLE (PANTIN)
2.384222472712587,48.870393671603765,20040 - PARC DE BELLEVILLE
2.24772065,48.884478,28002 - SOLJENITSYNE (PUTEAUX)
2.295789480315903,48.834658862792736,15111 - SERRES
2.437655339082955,48.839041145908176,12124 - PYRAMIDE ARTILLERIE
2.337446804203667,48.877872278317966,09021 - SAINT GEORGES
2.325809024625026,48.85971010443503,07007 - MUSÉE D'ORSAY
2.405168520639166,48.85550135398888,20011 - PYRÉNÉES-DAGORNO
2.385052018244114,48.910143671003794,33006 - KARMAN (AUBERVILLIERS)
2.341923944866407,48.844730256132095,05005 - SAINT JACQUES GAY LUSSAC
2.38301344041578,48.8666176586814,11029 - MENILMONTANT OBERKAMPF
2.350148335920203,48.86008832610481,04020 - BEAUBOURG PLACE MICHELET
2.319454010061415,48.854268334051035,07012 - CITE VANEAU
2.393637514433606,48.886389634924626,19019 - PETIT HONNEGER
2.34157863455693,48.83512886504287,14113 - ARAGO 2
2.291889313228121,48.851396721123486,15028 - DUPLEIX
2.26099177209953,48.8842989293728,22005 - DE GAULLE 3 (NEUILLY)
2.40932246879487,48.8691543609174,20027 - PORTE DE MENILMONTANT
2.336262639016585,48.882728090545086,18042 - PIGALLE GERMAIN PILLON
2.38386933547444,48.850379753879935,11008 - FAIDHERBE CHALIGNY
2.389038160847546,48.8755503947562,19038 - JOURDAIN
2.363106073577468,48.824695995415006,13037 - IVRY BAUDICOURT
2.36507858638901,48.819941965677195,13040 - PORTE DE CHOISY
2.268483570651513,48.85286124871689,16027 - JASMIN
2.322257377279243,48.84319882807092,15118 - PLACE BIENVENUE
2.329337755887181,48.84479928858768,06006 - NOTRE DAME DES CHAMPS
2.398472,48.8571433920909,20015 - BAGNOLET-ORTEAUX
2.344884406212207,48.882633484310816,09005 - SQUARE D'ANVERS
2.310714655374236,48.86970884795243,08031 - ROND POINT DES CHAMPS ELYSEES
2.399868277428793,48.846964359503055,12015 - NATION PICPUS
2.345396338986368,48.87983122511022,09007 - CONDORCET
2.336681004295117,48.881149033952994,09019 - VICTOR MASSE
2.308850015466539,48.83411714783768,15040 - MONCLAR
2.342104214557966,48.82122766331853,14013 - LIART AMIRAL MOUCHEZ
2.399998420132992,48.823963252286866,42201 - NECKER (CHARENTON)
2.365312950780227,48.865745077094815,11038 - TEMPLE REPUBLIQUE
2.335447427689794,48.891877957087424,18019 - MONTCALM
2.322478477864687,48.898773792804256,17008 - PORCHE POUCHET
2.32442,48.86138,00901 - PORT SOLFÉRINO (STATION MOBILE)
2.278413912593796,48.84629491826888,15064 - JAVEL
2.385478486564838,48.835138050689515,12031 - LAME
2.342176808004326,48.82603516605852,13021 - BOUSSINGAULT - TOLBIAC
2.330513564840273,48.90259224163092,34002 - PERI (SAINT OUEN)
2.345068440144759,48.865021945810085,02005 - MONTORGUEIL RUE MONTMARTRE VERSION 2
2.27740638127753,48.8827499154713,22012 - MICHELIS (NEUILLY)
2.358912681317667,48.841916179825965,05104 - BUFFON
2.43736866129498,48.857702134021,31008 - VINCENNES (MONTREUIL)
2.285862655943941,48.84214433157821,15062 - BOUCICAUT
2.357907882135172,48.85579663740384,04012 - ECOUFFES RIVOLI
2.356278447633629,48.86558419108518,03011 - TURBIGO
2.408842457406961,48.8569749400317,20017 - RUE SAINT BLAISE
2.332199335980013,48.89405725132698,18028 - VAUVENARGUES
2.38241,48.83976,12024 - GARE DE BERCY
2.369322530407524,48.86651607982108,11113 - REPUBLIQUE FERRY
2.241835191324587,48.827600424128306,21015 - NATIONALE (BOULOGNE-BILLANCOURT)
2.372432376034225,48.818002269823786,42015 - PAUL BERT (IVRY)
2.345015835298588,48.850310432924466,05002 - SAINT JACQUES
2.376348394645978,48.87277815648997,10040 - BELLEVILLE
2.366826499627087,48.83484845292942,13018 - AURIOL CHEVALERET
2.35433694417225,48.823316172177535,13026 - PLACE HENOCQUE VERSION 2
2.392284629788502,48.876468339733144,19028 - PLACE DES FETES
2.35872446227434,48.8707649818776,10008 - CITE RIVERIN
2.339113722899687,48.853751073467855,06015 - MAZET SAINT ANDRE DES ARTS
2.430793451133684,48.841486856300165,43006 - MINIMES (VINCENNES)
2.287582307043615,48.83797034201205,15054 - CHANDON
2.367053490449912,48.862650300140295,11043 - CIRQUE D HIVER
2.352472437223356,48.84273504298964,05024 - PLACE MONGE
2.29514141310447,48.84307638694992,15036 - LAMBERT
2.341070654172592,48.81444017962381,42504 - MALON (GENTILLY)
2.327551549210571,48.85024108719566,06107 - CHERCHE MIDI
2.29482820074442,48.88141110121936,17029 - PLACE AIMÉE MAILLART
2.384440354604646,48.828369893809565,13050 - QUAI PANHARD ET LEVASSOR
2.337190639271711,48.879505265624786,09020 - TOUDOUZE CLAUZEL
2.313391647113252,48.83425924993043,14029 - GERGOVIE VERCINGETORIX
2.351464333201903,48.88072668576597,10029 - PLACE DE ROUBAIX
2.346319371627125,48.88291108953936,09004 - ROCHECHOUART GERANDO
2.362498528696257,48.874112916506824,10015 - RECOLLETS
2.341040508705961,48.84892295818577,06029 - VAUGIRARD PRINCE
2.3726498446286,48.8455150897939,12151 - GARE DE LYON
2.397249990597384,48.842577100515385,12019 - GARE DE REUILLY
2.372209309645734,48.820226792619714,13116 - PLACE DU DOCTEUR YERSIN
2.378637021920256,48.87927519569598,19114 - MANIN SECRETAN
2.315876308346374,48.873760472140056,08025 - MIROMESNIL
2.345920133314917,48.899410681516315,18036 - FRANCIS DE CROISSET
2.328290822051698,48.83568044417256,14033 - DAGUERRE GASSENDI
2.278535717122779,48.87944136963256,22011 - MONTROSIER (NEUILLY)
2.40745551592605,48.835545043575955,12032 - PORTE DOREE
2.27312852713658,48.8609983661382,16110 - OCTAVE FEUILLET
2.273556264965371,48.84766571002937,16030 - MIRABEAU
2.287122261982559,48.83217944426036,15049 - PORTE DE VERSAILLES
2.271396472461431,48.83373383017729,15042 - FARMAN
2.37469338894231,48.88270064422199,19012 - LALLY TOLLENDAL
2.250657739639016,48.82824349415854,21018 - SEINE (BOULOGNE-BILLANCOURT)
2.291540507948998,48.83922209776229,15053 - LECOURBE
2.336266523912805,48.893400392981874,18027 - DAMREMONT ORDENER
2.330446820277252,48.850297010217595,06103 - MEZIERES RENNES
2.381460319184223,48.816929720561234,42006 - BROSSOLETTE (IVRY)
2.314678001115381,48.894151383293696,17011 - PORTE DE CLICHY FRAGONARD
2.342657392891206,48.85293041059132,06020 - SAINT MICHEL DANTON
2.396093495321842,48.854176040414856,11017 - ALEXANDRE DUMAS
2.335983030466524,48.837549292197465,14111 - DENFERT-ROCHEREAU CASSINI
2.377885515684799,48.86793796309799,11032 - METALLOS
2.29662648341284,48.8993483537726,21113 - PETIT (CLICHY)
2.37120861796012,48.86343198963591,11044 - RICHARD LENOIR VOLTAIRE NORD
2.367832659296124,48.85804405694242,03001 - CHEMIN VERT BEAUMARCHAIS
2.409615362775532,48.85352868594103,20133 - RASSELINS
2.377738433657617,48.822632842232245,13047 - BOUTROUX VITRY
2.322171248688672,48.905269629379745,34009 - MAAR (SAINT OUEN)
2.369701488217501,48.85384822621097,11001 - BASTILLE RICHARD LENOIR
2.359447031946381,48.86240121191442,03007 - ARCHIVES PASTOURELLE
2.345785516803243,48.87660117136262,09009 - SQUARE MONTHOLON
2.31669,48.86314,00905 - CONCORDE/BERGES DE SEINE (STATION MOBILE)
2.318291551592712,48.84132525980798,15115 - VAUGIRARD
2.350169939020645,48.84838576471672,05018 - MUTUALITE
2.409087652725976,48.89633193166097,35006 - DELIZY (PANTIN)
2.32956021945824,48.878113787876,09036 - ATHENES CLICHY
2.368429069929045,48.855501357701705,04107 - BEAUMARCHAIS
2.323834749088381,48.88310390458221,17050 - BATIGNOLLES
2.344596649931604,48.8425479496716,05013 - ULM ERASME
2.4059603311549,48.87541242186098,20110 - PORTE DES LILAS
2.344664043426302,48.83772792097816,13001 - PORT ROYAL
2.360460336476805,48.83772768745433,13103 - SAINT MARCEL
2.30951238050775,48.881161983577115,17018 - MONCEAU
2.427933579778934,48.873929200033544,31704 - HORNET (BAGNOLET)
2.353976273618783,48.857203787697095,04103 - HOTEL DE VILLE
2.248821391087721,48.82584693469992,21013 - GRENIER (BOULOGNE-BILLANCOURT)
2.393075558274471,48.85050701184191,11012 - MONTREUIL VOLTAIRE
2.376424009514086,48.915156182813234,33012 - LANDY (AUBERVILLIERS)
2.399325633305226,48.91013709505388,35001 - JAURES 1 (PANTIN)
2.29130063072414,48.821049923459526,21703 - MARTINIE (VANVES)
2.345463652702569,48.866067150086806,02101 - BACHAUMONT
2.303467406687128,48.8794303755264,17025 - COURCELLES
2.326319806384382,48.853261668611665,07004 - RASPAIL VARENNE
2.389350412433471,48.86629510600211,20032 - AMANDIERS
2.34369843072095,48.87916177777549,09008 - TOUR D'AUVERGNE
2.439892899386235,48.848257752729346,43007 - VORGES (VINCENNES)
2.371691677977748,48.84419240789483,12006 - GARE DE LYON VAN GOGH
2.320886790760933,48.815388220397274,21204 - D'ORVES (MONTROUGE)
2.335999677300567,48.82476710259696,14016 - REILLE MONTSOURIS
2.419307088753658,48.85281419134583,31002 - REPUBLIQUE (MONTREUIL)
2.278274193061826,48.83863387153602,15070 - BLANC
2.29858466343129,48.883769733273496,17047 - COURCELLES - DEMOURES
2.330820396477741,48.890747210171405,18018 - CARPEAUX
2.35592748653501,48.85940271964358,04014 - ARCHIVES BLANCS MANTEAUX
2.297876431467921,48.85276674352813,15105 - SUFFREN FÉDÉRATION
2.372203224856393,48.87182588992616,10024 - BUISSON SAINT LOUIS
2.364997877155126,48.905745467654526,32008 - EMGP NORD (SAINT DENIS)
2.301303138307601,48.87614039826388,08054 - HOCHE ALBRECHT
2.320131276903925,48.86137389094257,07009 - ASSEMBLEE NATIONALE
2.335599603893845,48.86397965515107,01015 - PLACE ANDRE MALRAUX
2.324400445437174,48.88790134553051,17002 - LA FOURCHE RUE DE LA CONDAMINE
2.347517966604574,48.89373427753593,18030 - SIMPLON
2.42327263606036,48.88217309420464,32605 - HORTENSIAS (LES LILAS)
2.433432607923368,48.847550436310826,43005 - AUBERT (VINCENNES)
2.370530563855483,48.82783803264948,13045 - TOLBIAC ALBERT
2.308314064189137,48.874810390028195,08034 - HAUSSMANN COURCELLES
2.3360394555421,48.869969733968915,02012 - QUATRE SEPTEMBRE
2.337296889737942,48.8401089566606,05029 - PORT ROYAL
2.405871044529538,48.853246898211985,20008 - MARAICHERS
2.288518047864942,48.87815529789739,17039 - PLACE SAINT FERDINAND
2.351433329767636,48.83712603861059,05027 - GOBELINS
2.288386600849503,48.841249336041045,15069 - BOUCICAUT FAURE
2.405099826323643,48.84463462629767,12017 - ST MANDE NETTER
2.393255829334146,48.902691617981425,35003 - VAILLANT (PANTIN)
2.402426162238911,48.85386896766491,20116 - HAIES REUNION
2.363429016279767,48.89284571116732,18011 - HERBERT
2.348572461702221,48.83548071896613,13005 - ARAGO CORDELIERE - VERSION 2
2.370071706985146,48.87285913900304,10032 - DODU
2.295464906515111,48.84041618840877,15037 - GROULT
2.308569535028556,48.90066034942664,21106 - MORICE 2 (CLICHY)
2.299296003861458,48.87818887641853,08055 - TERNES COURCELLES
2.347356447642631,48.85525336084426,04002 - MARCHE AUX FLEURS
2.284380633700994,48.84804578628324,15030 - LINOIS
2.383072452374457,48.85631717803066,11020 - CHARONNE
2.278018571567725,48.84071436444365,15059 - CITROEN
2.301123191744092,48.87040913507474,08549 - PLACE DUNANT
2.225998484960623,48.867565806130166,21501 - SELLIER (SURESNES)
2.331729378994153,48.827525292006904,14011 - ALESIA SARRETTE
2.306620834902348,48.8696161948985,08013 - MARIGNAN
2.420247340474637,48.84633805388875,43001 - PARIS 1 (VINCENNES)
2.459239414806482,48.815050006197445,44101 - PLACE MONGOLFIER (SAINT MAURICE)
2.347702021141098,48.86356704711952,01007 - ETIENNE MARCEL
2.302426218841562,48.86951797934417,08105 - FRANCOIS 1ER LINCOLN
2.257972572706903,48.837555260014625,16042 - PORTE DE SAINT CLOUD
2.349057392968696,48.89045112096476,18022 - BARBES MARCADET
2.297840007374352,48.90249245151852,21101 - VALITON (CLICHY)
2.336146557204349,48.830723214583635,14125 - DAREAU
2.316573329316086,48.823923168544646,14115 - CITÉ UNIVERSITAIRE
2.322528975094376,48.88896161855884,17004 - LEGENDRE AVENUE DE CLICHY
2.322727367054828,48.89591411750011,17007 - NAVIER
2.300144659954865,48.891834448210986,17116 - REIMS
2.327778690118609,48.874179024030234,9104 - CAUMARTIN PROVENCE
2.322884365751902,48.875353174464706,08008 - ROME SAINT LAZARE
2.362897420229539,48.856954148055344,03013 - RUE DE SEVIGNE
2.353034582951421,48.82860289084512,13023 - BOBILLOT VERLAINE
2.444690887827985,48.84779066448261,43008 - FONTENAY (VINCENNES)
2.404425625176959,48.85712940035504,20016 - PYRENEES VITRUVE
2.341879802310627,48.88416326647457,18005 - TARDIEU
2.310670653467625,48.825325870060475,14106 - STADE DIDOT
2.413239879550039,48.873338225236466,20120 - NOISY LE SEC
2.28548042091786,48.8335736182304,15107 -  PALAIS DES SPORTS
2.306558615574665,48.843542735006295,15013 - LECOURBE VOLONTAIRE
2.403240318366616,48.883620233843736,33104 - JOINEAU (PRE SAINT GERVAIS)
2.360878343431665,48.852725972189546,04009 - VILLAGE SAINT PAUL
2.260659826137633,48.84795020779427,16034 - PORTE D'AUTEUIL
2.332762380011633,48.87685932729332,09029 - TRINITE
2.34906350669476,48.827564379878744,13022 - BUTTE AUX CAILLES
2.409942553877677,48.85862166935013,20018 - HARPIGNIES
2.301274609316824,48.868165940558264,08047 - GEORGE V
2.378838474064149,48.907885757266726,33009 - FELIX (AUBERVILLIERS)
2.318020679358361,48.896181267908254,17108 - BESSIERES
2.369261438255258,48.8646494198968,11042 - OBERKAMPF
2.292500331456548,48.82509932921558,21707 - PASTEUR (VANVES)
2.299282641599619,48.83317977055646,15047 - DANTZIG
2.388580678853776,48.824952872870355,13121 - IVRY BRUNESEAU
2.316183886729462,48.84776985682885,07001 - DUROC
2.301865968384287,48.836058393856256,15039 - CHARLES VALLIN
2.335831353037739,48.85761567856468,06001 - INSTITUT
2.371097448471508,48.866331347902545,11109 - REPUBLIQUE PIERRE LEVEE
2.318882101207347,48.83088717455243,14027 - ALESIA GERGOVIE
2.288866396041159,48.871361039775586,16104 - PAUL VALÉRY
2.387217085372007,48.854963800335234,11111 - CHARONNE FROT
2.333393658804396,48.88949630486821,18111 - FELIZ ZIEM
2.327861653302471,48.82234096593411,14108 - JOURDAN LE BRIX ET MESNIN
2.315465494584916,48.87545720024482,08026 - MESSINE
2.349147493536092,48.879223370628495,09002 - MAUBEUGE CONDORCET
2.390546390619984,48.85560316202584,11019 - CHARONNE PHILIPPE AUGUSTE
2.374276509236151,48.87712417766737,19118 - BOLIVAR BURNOUF
2.352222921607491,48.84629503172156,05022 - CARDINAL LEMOINE
2.35766368561921,48.87208360886937,10009 - HITTORFF
2.400525668552064,48.839988788911874,12038 - BEL AIR
2.329303946545288,48.834390797006805,14036 - BOULARD DAGUERRE
2.319730559929781,48.89032998912038,17005 - BROCHANT
2.268806550199479,48.863025315388256,16019 - HENRI MARTIN
2.359435454901881,48.892656891991216,18104 - CHAPELLE
2.35424653463425,48.82987537265954,13106 - BOBILLOT MERY
2.227978774754288,48.84064929857331,21007 - RHIN DANUBE (BOULOGNE BILLANCOURT)
2.364035059250436,48.87346279870817,10111 - BOURSE DU TRAVAIL
2.412529571472175,48.89271966633131,35008 - LOLIVE 2 (PANTIN)
2.3734047671616,48.881447321103366,19022 - BOLIVAR
2.368856390499634,48.886233417429835,19109 - PLACE DU MAROC
2.298514048803577,48.868851708234864,08048 - MARCEAU
2.340772662331439,48.875329723153264,09014 - FAUBOURG MONTMARTRE
2.344785602987212,48.87789001497427,09108 - ROCHECHOUART MAUBEUGE
2.350403587821832,48.82998371071962,13009 - BLANQUI CORVISART
2.376142468863619,48.89067812943125,19006 - MATHIS
2.317313258110739,48.89263392143244,17009 - BODIN AVENUE DE CLICHY
2.37908134343237,48.84394917584249,12106 - BARTHES TROYES
2.378500156138491,48.8887900267753,19125 - LEDIT DE NANTES
2.36268350990116,48.8095823380351,42703 - FONTAINEBLEAU (KREMLIN BICETRE)
2.323658830743138,48.87320440102894,08016 - SQUARE LOUIS XVI
2.296710300930856,48.851454182127426,15025 - AMETTE
2.354615982683207,48.84367484543761,05031 - LACEPEDE
2.333428381875887,48.84373446877937,06008 - ASSAS LUXEMBOURG
2.334388448251871,48.866810653323,01116 - OPÉRA PYRAMIDES
2.290541560154527,48.84479039026177,15033 - VIOLET
2.397846415383189,48.88573329985865,19035 - PORTE CHAUMONT
2.372946088467279,48.894104140316266,19001 - OURCQ CRIMEE
2.42377059524055,48.845779219164555,41603 - PASTEUR (SAINT MANDE)
2.340651849622331,48.88219420395092,18041 - MARTYRS 2
2.396690612876254,48.87013645868239,20119 - SQUARE DE MENILMONTANT
2.4103900081973,48.8473310531154,20047 - COURS DE VINCENNES BD DAVOUT
2.289705348222022,48.853844054333514,15026 - BIR HAKEIM
2.345905811394424,48.87078277953678,02022 - BONNE NOUVELLE SAINT FIACRE
2.406296107816583,48.850285280635795,20006 - PYRÉNÉES - PLAINE
2.252191060537607,48.838713363162405,16044 - STADE FRANCAIS
2.293732100169925,48.87553842110213,17033 - CARNOT
2.395039981220676,48.86941289116132,20035 - PYRENEES
2.360215572664323,48.88457006316311,18040 - CHAPELLE MARX DORMOY
2.354511445637388,48.877356057652264,10021 - MARCHE ST QUENTIN
2.35403448428308,48.872939767837096,10006 - PETITES ECURIES
2.340119632436559,48.892895283967825,18026 - RUISSEAU ORDENER
2.280840481911055,48.860116109626574,16016 - PAUL DOUMER / LA TOUR
2.384649644021933,48.89654905978759,19009 - CITE DES SCIENCES
2.382591714979966,48.875070404063074,19101 - SIMON BOLIVAR
2.32851451022192,48.89792240854517,17044 - PORTE DE SAINT OUEN
2.390238633141864,48.847653880984645,12107 - DIDEROT BOURDAN
2.314633840627834,48.85167822904787,07014 - SAINT FRANCOIS XAVIER
2.324448789519074,48.84115621648301,14001 - EDGAR QUINET
2.41097245166824,48.844373193657,12021 - COURTELINE
2.35660934144383,48.861581157730946,03009 - TEMPLE 113
2.36351,48.86707,03004 - REPUBLIQUE 23
2.395719508193907,48.88365921093733,19105 - PORTE BRUNET
2.332648363845394,48.88727464264267,18001 - DAMREMONT CAULAINCOURT
2.287141454149495,48.84472879162449,15108 - MUSÉE DES TÉLÉCOMMUNICATIONS
2.387133957573714,48.863411107404715,20030 - PERE LACHAISE
2.333268593101536,48.867623078056845,02020 - OPERA CASANOVA
2.317614786781552,48.834250135053914,14104 - LOSSERAND BOYER-BARRET
2.374027235613735,48.852255290042486,11004 - CHARONNE SAINT ANTOINE
2.280027395306772,48.857566889784465,16022 - RUE JEAN BOLOGNE
2.372628293645748,48.90177385172424,19106 - GARE EMGP
2.356708420760657,48.831582643774894,13010 - PLACE D ITALIE AURIOL
2.293234151072418,48.88591312825616,17107 - BERTHIER STUART MERRIL
2.348108654777346,48.831121775069235,13101 - CROULEBARBE RECULETTES
2.332054794950423,48.81315667771776,42503 - LENINE (GENTILLY)
2.366124461859616,48.84057730290756,13151 - GARE D'AUSTERLITZ
2.310193787964762,48.865346269362675,08029 - PLACE DU CANADA
2.29404143328216,48.844425919545365,15034 - COMMERCE
2.364951386893752,48.86213223497159,03003 - TURENNE BRETAGNE
2.375044300094851,48.825712903519616,13046 - OUDINE PATAY
2.403980836377493,48.86500081847653,20023 - PELLEPORT BELGRAND
2.341555077827231,48.86299816676784,01012 - BOURSE DU COMMERCE
2.353260183740912,48.818574415839485,13111 - CIMETIERE DE GENTILLY
2.384207013557983,48.81420628475591,42008 - CASANOVA (IVRY)
2.413463576486826,48.833654852830335,12041 - BOIS DE VINCENNES
2.324819807804481,48.900889626876015,34001 - FRUCTIDOR (SAINT OUEN)
2.319176657580128,48.903676702256305,21104 - SANZILLON (CLICHY)
2.3890216505832,48.852193095437535,11009 - RUE DES BOULETS
2.38634884002286,48.8830298392804,19031 - MANIN CRIMEE
2.284204990113615,48.891962328964816,23010 - VOLTAIRE (LEVALLOIS)
2.358701217878322,48.821159320800966,13031 - ITALIE MAISON BLANCHE
2.340774412117837,48.88103214901626,09017 - TRUDAINE MARTYRS
2.382217337050408,48.83772145898209,12026 - PARC DE BERCY
2.385707672217665,48.847296310645035,12012 - REUILLY DIDEROT
2.34993205295774,48.83899382454321,05026 - MOUFFETARD SAINT MEDARD
2.367352328799597,48.861205051934334,11045 - SAINT SEBASTIEN FROISSARD
2.41616066183218,48.8794000532367,32602 - POULMARCH (LES LILAS)
2.326124420314341,48.88794016394694,18046 - FOURCHE
2.363933311380362,48.8716626619994,10014 - BEAUREPAIRE
2.386120008210507,48.89849005307383,19115 - PORTE DE LA VILLETTE
2.402636749399156,48.832934193699835,12113 - CARDINAL LAVIGERIE
2.391739173776302,48.87215737993568,20042 - PYRENEES ERMITAGE
2.29559959844703,48.860897797941035,07023 - BOURDONNAIS TOUR EIFFEL
2.33432733641793,48.8875730709534,18113 - LEPIC
2.3978962906105,48.8806060535742,19027 - SERRURIER
2.407468689386476,48.886526983267544,33102 - JAURES 1 (PRE SAINT GERVAIS)
2.392496216649528,48.88195317244523,19026 - DANUBE
2.296319931841717,48.88880002064895,17028 - PORTE DE COURCELLE
2.295152067446227,48.88363915389933,17030 - RENNEQUIN PEREIRE
2.356796765204903,48.874575036780286,10017 - GARE DE L'EST SAINT LAURENT
2.275108332056225,48.84341723238589,15103 - SQUARE DES CÉVENNES
2.309722588932229,48.872787680846464,08033 - SAINT PHILIPPE DU ROULE
2.38896041078391,48.8795614522371,19025 - BOTZARIS
2.350217280976349,48.857999643314926,04018 - RIVOLI SEBASTOPOL
2.258373658198948,48.840610399663696,16118 - MICHEL ANGE
2.348995518049354,48.87000061719652,02107 - THOREL
2.36134550272134,48.814662495608864,42706 - SALENGRO (KREMLIN BICETRE)
2.397814475307571,48.8653941647232,20025 - GAMBETTA GATINES
2.237362446304566,48.88047087219649,28003 - JAURES (PUTEAUX)
2.33378329803361,48.83055599940998,14009 - COTY TOMBE D'ISSOIRE
2.371536810663942,48.86946960532872,11035 - GONCOURT
2.349865450921441,48.895470370399146,18101 - CHAMPIONNET
2.301753086991115,48.845831419610754,15011 - THEBAUD RUE DE CAMBRONNE
2.386133168700345,48.83350833245743,12033 - SAINT EMILION
2.326599657113696,48.869956681574806,09034 - GODOT DE MAUROY
2.322551640018162,48.83788362776244,14035 - MAINE GAITE
2.240846664821182,48.83799829528177,21009 - LECORBUSIER (BOULOGNE-BILLANCOURT)
2.303457408685266,48.89058621555025,17023 - AVENUE DE LA PORTE D'ASNIÈRES
2.381282601102786,48.868940642855314,20039 - COURONNES
2.282859908979733,48.86585549636314,16010 - BELLES FEUILLES
2.299972932642669,48.87288299097443,08052 - WASHINGTON
2.301138378176729,48.88185715074461,17026 - WAGRAM COURCELLES
2.358172896462481,48.81047749960048,42702 - LECLERC (KREMLIN BICETRE)
2.320714098089133,48.82774626607583,14110 - ABBE CARTON
2.354159095958248,48.87904931076023,10152 - GARE DU NORD 2
2.322936857107952,48.82341630050286,14107 - PORTE DE MONTROUGE 2
2.289906646457531,48.84817034136516,15031 - THEATRE
2.391754614194301,48.84925926211519,11010 - ST ANTOINE GONNET
2.303716580234576,48.85865170952645,07021 - BOSQUET SAINT DOMINIQUE
2.285074541420228,48.870306124369975,16005 - POINCARE VICTOR HUGO
2.249665298288027,48.8234505470138,21303 - ILES (ISSY LES MOULINEAUX)
2.306898478208195,48.83285390827691,15041 - LABROUSTE
2.380220606266108,48.828595283857425,13055 - LAGROUA
2.257005867300889,48.833174958910085,21021 - PARADIS (BOULOGNE-BILLANCOURT)
2.366011448983217,48.87742034308959,10025 - ECLUSES SAINT MARTIN
2.392020489286297,48.868910127448686,20121 - MENILMONTANT BOYER
2.38499975689617,48.8933800500227,19011 - ROUVET DAMPIERRE
2.363334710614756,48.82190796881169,13038 - CHOISY POINT D'IVRY
2.334433421223788,48.86648351450895,01016 - OPERA PYRAMIDES
2.347597912716465,48.864065046949904,01102 - FRANCAISE
2.275580584185594,48.852786944099584,16025 - FONTAINE RAYNOUARD
2.275346568555312,48.861720329027264,16017 - RUE DE SIAM
2.411046298532085,48.87809927643587,20029 - PORTE DES LILAS
2.222189235680779,48.843126205966946,22101 - GARE ROUTIERE ( SAINT CLOUD)
2.389613136684456,48.859358523592554,20131 - REPOS
2.347620087684511,48.859150287255645,01003 - RIVOLI SAINT DENIS
2.326803489834799,48.89282296302349,17001 - GUY MOCQUET
2.344366128446111,48.85946238924527,01010 - PONT NEUF
2.316861143151153,48.88818698581028,17016 - BROCHANT
2.373424541930557,48.85510629540472,11002 - ROQUETTE THIERE
2.378718606608679,48.821138751437616,13120 - VITRY DESAULT
2.323288994791708,48.87042188343355,08004 - MALESHERBES PASQUIER
2.384981390278095,48.87195626635528,20113 - PARC DE BELLEVILLE
2.367110644031659,48.88384326568884,10036 - AQUEDUC
2.405876723011083,48.8266572063246,42207 - PARIS 3 (CHARENTON)
2.389728979467376,48.841923663276546,12028 - VIVALDI
2.346076825913541,48.850977229793614,05008 - ST GERMAIN-DANTE
2.350844595287827,48.86614574652862,02003 - ALLEE PIERRE LAZAEFF
2.340169767017624,48.86343050194121,01026 - COLONEL DRIANT
2.389435908330615,48.87409248091576,20112 - JOURDAIN
2.283457593383419,48.87669268743692,16101 - MALAKOFF
2.32036786584418,48.8877723254283,17110 - LEGENDRE
2.275342586850291,48.8296843300915,15120 - AVIA
2.366669436984963,48.874794994841274,10114 - HOPITAL SAINT LOUIS
2.290781411279206,48.88561741628322,17031 - PORTE DE CHAMPERET
2.334797622948368,48.8564374096868,06021 - BONAPARTE BEAUX ARTS
2.275188414671189,48.85615074338874,16031 - BOULAINVILLIERS
2.291508179426733,48.87279915599243,16103 - TRAKTIR
2.324240578144087,48.84612989154848,06027 - VAUGIRARD DESGOFFE
2.307691605650344,48.86729323621449,08030 - MONTAIGNE
2.363239868721318,48.84996003527753,04105 - MORLAND
2.410522909779111,48.852919679957296,20044 - DAVOUT VOLGA
2.41827234236864,48.82772523704757,12120 - CONSERVATION
2.272448647646471,48.86441140945903,16018 - FLANDRIN
2.364107053254628,48.830957464145705,13042 - NATIONALE BACH
2.479464268709081,48.83648112918176,41302 - CHARLES DE GAULLE (NOGENT)
2.293848017974069,48.89819702263572,23004 - COUTURIER 2 (LEVALLOIS)
2.387564334932072,48.840869459702354,12109 - CHAROLAIS
2.332036313368639,48.87518586417745,09030 - VICTOIR CHAUSSEE D ANTIN
2.338178714426107,48.889677905028066,18017 - PECQUEUR
2.35358041022707,48.88470686398326,18107 - CHARTRES
2.311085506094106,48.844838019227154,15008 - SEVRES LECOURBE
2.309747615603337,48.85129433458901,07018 - SEGUR ESTREES
2.396079008206681,48.89713005307456,19044 - GRANDS MOULINS
2.359323613430623,48.873267841170026,10012 - VINAIGRIERS
2.302250344175951,48.86164049957625,07022 - PONT DE L'ALMA
2.414307515111288,48.889485840195675,35012 - CANDALE (PANTIN)
2.344333545273837,48.860245194532624,01009 - PONT NEUF - 14
2.293467119128608,48.83598100445596,15051 - ROLLET
2.412733641628248,48.851285276158144,20107 - STADE MARYSE HILSZ
2.326207175385489,48.883318044354574,08012 - CLICHY
2.353660816249226,48.86749798940664,03012 - GAITE LYRIQUE
2.351281636686514,48.870278078579595,10105 - BONNE NOUVELLE PROP2
2.328315742616178,48.872795019872605,09033 - HAVRE CAUMARTIN
2.32300304092451,48.820323646126774,14116 - ROMAIN ROLLAND
2.386164927813738,48.84264777870052,12027 - MONTGALLET CHARENTON
2.361069024089417,48.82902666973469,13034 - EDISON
2.333709173337285,48.87939826447722,09026 - BRUYERE PIGALLE
2.316473835914172,48.885437730894544,17013 - LEGENDRE
2.422055733613231,48.85550131286469,31004 - PARIS 2 (MONTREUIL)
2.329423494000903,48.87219025140095,09106 - AUBER
2.272469482915694,48.85100487466529,16028 - MILLET - JEAN DE LA FONTAINE
2.333390423834684,48.896328348515986,18034 - LEIBNITZ
2.339306721981416,48.84375698130157,05010 - SAINT MICHEL HENRI BARBUSSE
2.37040616152132,48.84618800146489,12102 - DIDEROT BERCY
2.352970183602024,48.84969041137042,05019 - POISSY
2.265724147895062,48.84509712653168,16038 - RUE MOLITOR
2.337980867701675,48.87334627510507,09022 - LAFITTE ROSSINI
2.376019912019568,48.86530798423503,11030 - SAINT MAUR OBERKAMPF
2.267504683574771,48.863757931035046,16130 - BOIS DE BOULOGNE / PORTE DE LA MUETTE 2
2.452237396596088,48.84696126017499,43009 - MURS DU PARC (VINCENNES)
2.313117867297474,48.84040040365445,15113 - FALGUIERE ARSONVAL
2.341747995157864,48.857091635218225,01001 - ILE DE LA CITE PONT NEUF
2.328807098192234,48.88412710804656,18044 - CLICHY
2.277618727223195,48.8936146524531,23001 - COUTURIER 1 (LEVALLOIS)
2.294512536052928,48.877532084130166,17046 - MAC MAHON
2.39268612206715,48.8887860708258,19018 - CITÉ DE LA MUSIQUE
2.332609687921881,48.816980981259285,14126 - VAILLANT COUTURIER
2.265253821160005,48.84842761367387,16033 - MICHEL ANGE AUTEUIL
2.277697269448623,48.851359912581465,16029 - MAISON DE RADIO FRANCE
2.305497444260642,48.8842894403224,17021 - WAGRAM (17EME ARR.)
2.37026248225988,48.881472498481,19116 - JAURES VILLETTE
2.333910127129224,48.91157045930829,34010 - DIDEROT 2 (SAINT OUEN)
2.260096983931875,48.883026659159576,22006 - PIERRET (NEUILLY)
2.300654459291639,48.839635080561905,15038 - PLACE ADOLPHE CHERIOUX
2.38246120055766,48.886335082615275,19014 - LORRAINE
2.398403047037931,48.85160266522164,20043 - CHARONNE AVRON
2.317029863731327,48.815529633678416,21207 - VERDIER (MONTROUGE)
2.398959602331646,48.87068263384462,20036 - MENILMONTANT - PELLEPORT
2.293077029857222,48.852804604940296,15067 - DESAIX
2.334617735640665,48.885257971348466,18114 - LEPIC VERON
2.327339290714228,48.87775323400056,09035 - PLACE DE BUDAPEST
2.35018588824494,48.868660481539266,02016 - ABOUKIR
2.353398379689353,48.847184641150214,05021 - JUSSIEU
2.344139285947184,48.88469160640549,18006 - MARCHE ST-PIERRE
2.356381154873061,48.855965856210226,04015 - MAIRIE DU 4 EME
2.408203454302088,48.872747269036246,20117 - SAINT FARGEAU MORTIER
2.409107737701187,48.892139409307205,35009 - LOLIVE 1 (PANTIN)
2.322206025347343,48.884101293163106,17012 - MAIRIE DU 17EME
2.374719516795626,48.88679881177337,19029 - SEINE FLANDRE
2.353521565011111,48.870893425955984,10004 - METZ
2.343163334385358,48.87077575727228,02010 - BOULEVARD MONTMARTRE
2.333263372748175,48.88235325984544,09027 - FONTAINE DOUAI
2.366136374249966,48.86442014173202,11040 - TEMPLE JEAN PIERRE TIMBAUD
2.23701147134366,48.8456381388333,21003 - JAURES 1 (BOULOGNE-BILLANCOURT)
2.365177603483576,48.82690019971573,13036 - TOLBIAC NATIONALE
2.390909368067142,48.81414053750237,42014 - CACHIN (IVRY)
2.358630064544601,48.876419813641114,00906 - GARE DE L'EST
2.320954125728877,48.83932502506044,14117 - MOUCHOTTE
2.363625214552995,48.88199720999019,10031 - AQUEDUC
2.375934558013933,48.82941013459557,13053 - CHEVALERET TOLBIAC
2.344393021853951,48.876719895109,09010 - CADET
2.347010058114489,48.857940092963034,01002 - PLACE DU CHATELET
2.379519527723101,48.84026772485455,12025 - BERCY
2.275725635731198,48.86598324102434,16107 - GODARD
2.376060091685724,48.82434285685922,13118 - PATAY REGNAULT
2.399728589689724,48.85535513998681,20013 - PLACE DE LA REUNION
2.285380679473588,48.88023362761321,17043 - PLACE GENERAL KOENIG
2.28201558962579,48.883498081948446,17105 - PALADINES
2.321849987344236,48.82570981702807,14037 - JEAN MOULIN
2.324429630496505,48.86909008833763,08005 - MADELEINE
2.341324916011569,48.84623928170344,05003 - GAY LUSSAC LE GOFF
2.36498,48.868,11037 - FAUBOURG DU TEMPLE PLACE DE LA REPUBLIQUE
2.360053088985318,48.88384931844148,10034 - CHAPELLE LOUIS BLANC
2.303169887627808,48.811749821310805,21211 - MARNE (MONTROUGE)
2.284219432060596,48.87518496111192,16002 - PERGOLESE
2.354809472700658,48.83199636916928,13008 - ITALIE ROSALIE
2.310820381708937,48.90550311453459,21110 - VILLENEUVE (CLICHY)
2.287667370814871,48.88287775178599,17041 - PORTE DE VILLIERS
2.303288666125152,48.87355533448877,08102 - LAMENAIS WASHINGTON
2.377229858571335,48.8621350384716,11027 - SAINT AMBROISE PARMENTIER
2.312707121097412,48.8365662244334,15027 - GIDE
2.409670100215905,48.86346964122224,20045 - LOUIS GANNE
2.359970049607283,48.86849994171273,10001 - JOHANN STRAUSS
2.297572005982148,48.844806421735925,15021 - CROIX NIVERT
2.347303230302456,48.87582185503067,09113 - BLEUE
2.352454275492188,48.85045800918843,05107 - PONTOISE
2.287956452342442,48.879813218337546,17040 - TERNES PEREIRE
2.455529172111142,48.850125232056115,41203 - STALINGRAD (FONTENAY SOUS BOIS)
2.30286310050181,48.84757532146731,15010 - CAMBRONNE
2.345836455597928,48.87154221364212,09012 - ROUGEMONT
2.334054461939329,48.870508937203915,02015 - OPERA - CAPUCINES
2.332082835871755,48.914188312399006,34011 - DHALENNE (SAINT OUEN)
2.415622204179507,48.86302549226599,31706 - CHATEAU (BAGNOLET)
2.370503423869599,48.849215862624035,12002 - LACUEE
2.307052147596786,48.84717561492764,15009 - SUFFREN
2.394630398715453,48.84030274499962,12036 - REUILLY
2.340794666870659,48.838431825491696,14004 - PORT ROYAL COCHIN
2.315779713410026,48.866843803252216,08001 - PETIT PALAIS
2.355591592778568,48.86863640502551,03101 - PORTE SAINT MARTIN
2.361141436574885,48.87099998982137,10010 - JACQUES BONSERGENT
2.358513532903332,48.828156251574946,13122 - PARC DE CHOISY
2.341541339092219,48.89453090447961,18029 - POTEAU
2.241688247102405,48.834953979664654,21005 - MORIZET (BOULOGNE-BILLANCOURT)
2.284142297394666,48.83476837934194,15061 - DESNOUETTES
2.309274799827166,48.82650293311012,14122 - BRUNE
2.344517921162641,48.892925653432606,18025 - MAIRIE DU 18 EME
2.325070038738617,48.85123038028847,07003 - BON MARCHE
2.369896383666685,48.87137987425661,10113 - PARMENTIER LOUVEL-TESSIER
2.391795855555629,48.83667579640627,12030 - WATTIGNIES
2.359509937592322,48.875670112481366,10161 - GARE DE L'EST
2.277500546942199,48.85780291711202,16043 - PLACE DE PASSY
2.439209537709179,48.84423193255657,12123 - CHATEAU DE VINCENNES
2.342963477309899,48.899268863316706,18122 - BINET
2.30652,48.86288,00908 - PORT DU GROS CAILLOU (STATION MOBILE)
2.418455004234756,48.824407767562604,12126 - AVENUE DE GRAVELLE
2.336933391248149,48.833190318752514,14006 - SAINT JACQUES TOMBE ISSOIRE
2.310120536549759,48.888185641932566,17117 - PEREIRE SAUSSURE
2.337539334060287,48.85525468775053,06013 - JACQUES CALLOT
2.320281234210629,48.873486169349846,08015 - ROQUEPINE
2.348552018116996,48.84163270861767,05014 - CALVIN
2.376853000562019,48.8805744614225,19119 - BOURET PAILLERON
2.344301715865302,48.82649432826404,13048 - TOLBIAC WURTZ
2.33081707438869,48.851647848142655,06003 - SAINT SULPICE
2.319395144377322,48.874923109802,08113 - PLACE ST AUGUSTIN
2.374834351164813,48.879775248860305,19039 - PAILLERON
2.355966721417555,48.888864896056646,18012 - DOUDEAUVILLE STEPHENSON
2.272250431956518,48.82692976736927,21310 - KLEBER (ISSY LES MOULINEAUX)
2.347382729482953,48.82245594764965,13025 - PLACE DE RUNGIS
2.424046437536216,48.870658012858954,31702 - CURIE (BAGNOLET)
2.354327697377583,48.86967912445944,10002 - STRASBOURG
2.464025504702534,48.819954101228014,43401 - GARE RER (JOINVILLE)
2.37289470306807,48.85704145047844,11025 - FROMENT BREGUET
2.316168412063174,48.838936909959585,15114 - PASTEUR COTENTIN
2.39493447775012,48.8492766381855,11013 - NATION VOLAIRE
2.292140665828861,48.881830717500975,17037 - BAYERN PEREIRE
2.343523591554751,48.87563967181739,09101 - CADET LA FAYETTE
2.380583632323688,48.85252900039587,11101 - SQUARE NORDLING
2.23449077993291,48.830586296160526,21012 - LECLERC (BOULOGNE-BILLANCOURT)
2.403928068708116,48.852566752033766,20132 - REUNION
2.40922942058058,48.8403981721562,12042 - MONTEMPOIVRE
2.360097619095422,48.89521990468008,18038 - ROND POINT DE LA CHAPELLE
2.354463131150579,48.87957771852628,10153 - GARE DU NORD 3
2.360914908320552,48.87615605427147,10023 - VERDUN
2.322731562049324,48.876079329226044,08017 - ROCHER
2.408758427822183,48.86024012095245,20122 - DAVOUT VITRUVE
2.306299550271081,48.873794318379595,08103 - D'ARTOIS BERRY
2.358050565736408,48.90933002188958,32003 - METALLURGIE (SAINT DENIS)
2.43451378622076,48.85041836676044,43004 - MONTREUIL (VINCENNES)
2.309026487339271,48.88260881643341,17019 - MALESHERBES
2.310908552941167,48.884924358880866,17119 - TOQUEVILLE
2.339731401086941,48.86885168937216,02009 - BOURSE
2.386541454435452,48.88639367943585,19016 - OURCQ
2.410411115844628,48.864423648565946,20115 - PORTE DE BAGNOLET
2.39039812238911,48.858445054261914,11021 - PHILIPPE AUGUSTE (20EME ARR.)
2.309694221419506,48.87745567681383,08036 - RIO
2.347211037538656,48.88530162190401,18002 - CLIGNANCOURT
2.470375451268832,48.836125842982426,41301 - CLEMANCEAU (NOGENT)
2.390991659376403,48.88836894202208,19017 - PARC DE LA VILLETTE
2.343996499337776,48.89748845974928,18032 - PORTE DE CLIGNANCOURT
2.307662540152187,48.870481938552295,08039 - COLISEE
2.323277715643321,48.8415048015128,14101 - PLACE FERNAND MOURLOT
2.352088649440748,48.8529448879212,04003 - PONT SAINT LOUIS
2.360504244841426,48.89013398748709,18010 - MARX DORMOY
2.277345897096496,48.84429286557653,15060 - MONDRIAN
2.376605625312414,48.84190715333373,12105 - BERCY VILLOT
2.366896793773722,48.845886946386784,12003 - QUAI DE LA RAPEE
2.323731449973991,48.835064363954,14103 - MAINE LIANCOURT
2.357215357508107,48.82583946069817,13030 - ITALIE TOLBIAC
2.300249545157282,48.865194405295554,08046 - ALMA MARCEAU
2.284129012892127,48.85838125289731,16023 - RUE DE PASSY
2.3641633298742,48.8843481513331,10035 - AUBERVILLIERS
2.307519710082483,48.90811038299345,21111 - LERICHE (CLICHY)
2.324441565139471,48.842842278074414,14127 - ODESSA
2.37965351592796,48.83094844846017,13016 - PRIMO LEVI
2.401825585802231,48.83749044650707,12010 - MICHEL BIZOT
2.415542372109208,48.85255339271965,20105 - GAUMONT
2.379407362599104,48.87649965412676,19023 - MANIN SIMON BOLIVAR
2.276630334051614,48.83321982302087,15125 - AQUABOULEVARD
2.300830261423519,48.870437805350605,08049 - DUNANT
2.34901473289268,48.84660186578123,05017 - DESCARTES
2.352295466779576,48.89454171584971,18037 - AMIRAUX
2.381133802246315,48.89594736851349,19033 - CAMBRAI
2.353713552033412,48.84050866371248,05034 - CENSIER
2.33015352476927,48.85394230916141,06024 - SAINT GERMAIN DES PRES
2.39721188193514,48.848482816609724,11014 - NATION TRONE
2.403351311000777,48.86272646274573,20021 - PRAIRIE L INDRE
2.338089782278504,48.86829988920071,02011 - BIBLIOTHEQUE NATIONALE
2.424974243066201,48.881141015697715,32603 - CALMETTE (LES LILAS)
2.270568097209188,48.87872089183019,16121 - SABLONS MAILLOT
2.326606019476806,48.852241617707335,07101 - SEVRES BABYLONE
2.358482457792231,48.908586716952485,32006 - EGLISE SAINT JUSTE (SAINT DENIS)
2.348636478060487,48.891457726153774,18024 - CLIGNANCOURT MARCADET
2.398946448081101,48.86535224200028,20106 - MAIRIE DU 20ÈME
2.37434055460561,48.8371336894515,00903 - QUAI MAURIAC  / PONT DE BERCY
2.281149007691853,48.870809428669546,16105 - CREVAUX
2.335356677933531,48.876383969379,09025 - TAITBOUT CHÂTEAUDUN
2.263904602692138,48.8886487735565,22002 - ARGENSON (NEUILLY)
2.350205084974572,48.82552586188404,13024 - BOBILLOT TOLBIAC
2.339784967507022,48.877770695346776,09016 - MARTYRS CHORON
2.328197093450571,48.88126642422664,09037 - CLICHY PARME
2.348569373385955,48.877501465298494,09001 - POISSONNIERE
2.396012223300534,48.8738036229888,20002 - PIXERECOURT
2.288136014379512,48.888762777712394,23009 - FRANCE (LEVALLOIS)
2.39528946179638,48.8890400680668,19046 - PORTE DE PANTIN
2.369829579572023,48.884316180647176,19003 - QUAI DE SEINE
2.307766825585275,48.823653480254634,14023 - MALAKOFF PINARD
2.298549294011849,48.841709640161135,15020 - MAIRIE DU 15EME
2.369337074966926,48.86580427668637,11039 - JULES FERRY REPUBLIQUE
2.38609537399646,48.8743491365289,19041 - PYRÉNÉES
2.288273752637337,48.88434112466304,17101 - ALEXANDRE CHARPENTIER
2.395932627208539,48.8456092496701,12018 - SAINT MANDE - FAVRE
2.322451937473582,48.84374888916389,15001 - ARRIVEE
2.40798991938787,48.884001264434495,33103 - JAURES 2 (PRE SAINT GERVAIS)
2.364044958656523,48.842524490766195,13014 - GARE D'AUSTERLITZ
2.40539657537972,48.8694370761222,20109 - SURMELIN HAXO
2.302239128884557,48.856059310074706,07103 - BELGRADE
2.317756579232021,48.844575963933345,15006 - CHERCHE MIDI
2.38012665025372,48.8845807406891,19013 - LAUMIERE
2.406498213832891,48.89048461623744,35011 - D'ORVES (PANTIN)
2.325401166692975,48.832501278703454,14032 - MOUTON DUVERNET - MAIRIE DU 14EME
2.36547,48.86681,11046 - VOLTAIRE
2.3682407194182,48.8525571174352,04007 - BOURDON
2.373071507389205,48.86455576531679,11031 - PARMENTIER
2.381220610289335,48.88259146668893,19021 - MAIRIE DU 19 EME
2.241204653436161,48.83142865005039,21014 - HAMEAU FLEURI (BOULOGNE-BILLANCOURT)
2.325760332846014,48.82742690008254,14010 - JEAN MOULIN ALESIA
2.373807237995119,48.87440566621717,10039 - SAMBRE ET MEUSE
2.388556666222385,48.83370863507971,12110 - BARON LE ROY TRUFFAUT
2.292046396699678,48.830545669445776,15048 - OLIVIER DE SERRE
2.349983047029793,48.841507637390066,05015 - MOUFFETARD EPEE DE BOIS
2.330537540381845,48.822782442043376,14017 - JOURDAN TOMBE ISSOIRE
2.351669873689939,48.86524062169503,02001 - SEBASTOPOL-GRENATA
2.31530968318177,48.857290118463105,07015 - VARENNE
2.280439719992999,48.85293316046699,16024 - KENNEDY RANELAGH
2.368229729243504,48.81591109646686,42013 - BARBES (IVRY)
2.36784149724351,48.8684101048247,11036 - JULES FERRY FAUBOURG DU TEMPLE
2.325296117814705,48.87482319032095,08108 - L'ISLY
2.281070755215898,48.84244145218906,15109 - CEVENNES
2.341202026662388,48.84186595652607,05004 - SAINT JACQUES VAL DE GRACE
2.338636324158646,48.826703941183546,14012 - SIBELLE ALESIA
2.37065026341858,48.8128905614968,42007 - PIERRE ET MARIE CURIE (IVRY)
2.29770677798004,48.873434081397704,08028 - HOUSSAYE
2.36151933793529,48.886665624668375,18110 - DEPARTEMENT
2.2839,48.84986,00907 - BEAUGRENELLE
2.415138092250742,48.874457717241434,31708 - NOISY (BAGNOLET)
2.33798034198275,48.83586772099485,14112 - FAUBOURG SAINT JACQUES CASSINI
2.352339506562677,48.881949743161194,10107 - MAGENTA PARE
2.295000370135378,48.89086032289106,23006 - GUESDE (LEVALLOIS)
2.37799433828966,48.87119943139012,20041 - BELLEVILLE
2.352839380718154,48.863062832743175,03014 - GRENIER SAINT LAZARE
2.361579815214986,48.86453080530752,03006 - MAIRIE DU 3EME
2.408405472156745,48.82040389400885,42203 - ELUARD (CHARENTON)
2.325175389412747,48.84913990321828,06026 - SAINT PLACIDE CHERCHE MIDI
2.346282111667021,48.864582377464885,02002 - MONTORGUEIL ETIENNE MARCEL
2.296555342476269,48.875377647487014,08056 - WAGRAM
2.346499653762975,48.846986752813294,05032 - PANTHEON CARMES
2.27117749892451,48.8816744459654,22010 - DE GAULLE 4 (NEUILLY)
2.2765220890277,48.85940308194,16111 - HELIE
2.34337661053354,48.81940130486362,14014 - STADE CHARLETY
2.397111552649508,48.834705859741675,12035 - MADAGASCAR
2.3895475019254,48.906383398095834,33005 - REPUBLIQUE 2 (AUBERVILLIERS)
2.378901366211043,48.850440013404544,12005 - CROZATIER
2.294660575884377,48.849921101862066,15106 - GRENELLE VIOLET (PROP3)
2.333418629410461,48.88356474485461,18043 - BLANCHE
2.313284405397194,48.88368821751221,17015 - PLACE DE LEVIS
2.367415866750153,48.832272458639544,13043 - DUNOIS CLISSON
2.292519101004145,48.864910448589,16007 - LONGCHAMP
2.37910490091443,48.83264101037033,13051 - QUAI FRANCOIS MAURIAC TOLBIAC
2.300528330043888,48.8581690434843,07024 - AVENUE RAPP
2.292160482166423,48.890380265413896,23007 - WILSON (LEVALLOIS)
2.365585665575604,48.84379047732037,13104 - GARE D'AUSTERLITZ
2.325680623044519,48.81251090819872,21203 - BRIAND (MONTROUGE)
2.392850382414293,48.82211534378805,42011 - BOYER (IVRY)
2.347463334519655,48.85165117936709,05009 - SQUARE VIVIANI
2.349732144830979,48.86263180415945,01006 - GRANDE TRUANDERIE
2.319787936689348,48.813080911445375,21208 - CARVES (MONTROUGE)
2.276881687006711,48.8640767117056,16013 - AVENUE HENRI MARTIN
2.288914160056623,48.89319467536488,23008 - REPUBLIQUE (LEVALLOIS)
2.351288666219873,48.891213890844654,18023 - POISSONNIERS ORDENER
2.326735694839291,48.891083040295555,18047 - ST OUEN LAMARCK
2.351342,48.820507,13028 - GOUTHIERE
2.359661143626467,48.866137224583404,03005 - TURBIGO SAINTE ELISABETH
2.345585584134864,48.8957969797804,18031 - ALBERT KAHN
2.275730609312381,48.837679003308445,15104 - HÔPITAL GEORGES POMPIDOU (PROP 2)
2.379199748024915,48.89270999207067,19007 - OURCQ-FLANDRES
2.41052344083499,48.840762277598394,12023 - SAHEL
2.394468581137673,48.86518641284941,20028 - GAMBETTA MARTIN NADAUD
2.43297479522392,48.8688123638694,31009 - DE GAULLE (MONTREUIL)
2.344575141243577,48.83486717959749,13002 - ARAGO
2.345429456645987,48.83062407509372,13004 - GLACIERE
2.324516635146477,48.88093535677379,08011 - DUBLIN
2.411030612453627,48.86803439043193,20103 - LE VAU BERTEAUX
2.412602786467704,48.82214312580457,42205 - PARIS 1 (CHARENTON)
2.328288185716643,48.866698008473534,01019 - SAINT HONORE VENDOME
2.404380102963422,48.84089981382828,12022 - BIZOT
2.390209687445294,48.88466206560529,19020 - MANIN HAUTPOUL
2.317609339386963,48.83425462795304,14030 - LOSSERAND - PERNETY
2.31138,48.86269,07026 - PLACE DE FINLANDE
2.285395624828388,48.8217026998931,21704 - REPUBLIQUE (VANVES)
2.421504476062366,48.822175804937544,44102 - VERDUN (SAINT MAURICE)
2.349040855034395,48.8836531972476,09003 - PLACE BARBÈS
2.314629747784999,48.811101837772526,21209 - GEORGES MESSIER (MONTROUGE)
2.265135008741844,48.882951625354735,22008 - DE GAULLE (NEUILLY)
2.405659203207511,48.822736012097714,42202 - RONSARD (CHARENTON)
2.360218480943566,48.817312300431965,13033 - PORTE D'ITALIE
2.288612344984025,48.88657099335245,17032 - ESPACE CHAMPERRET
2.393255376309212,48.8518182000139,11016 - PHILIPPE AUGUSTE
2.344137763245671,48.852705647705136,05033 - SAINT SEVERIN
2.38086079265402,48.83877530648142,12108 - PALAIS OMNISPORT
2.33738964850196,48.905362251416825,34007 - ROSIERS (SAINT OUEN)
2.379855610627962,48.87315262385819,19102 - BELLEVILLE RAMPAL
2.268257387525699,48.84986918764119,16116 - GEORGES SAND
2.326969764620641,48.8104231700653,41103 - BRIAND (ARCUEIL)
2.410145496563922,48.84698906998311,12020 - COURS DE VINCENNES - BD SOULT
2.392001635824925,48.81492646724632,42002 - GARE (IVRY)
2.272254454061792,48.82371847766811,21309 - CRESSON 2 (ISSY LES MOULINEAUX)
2.301961227213259,48.85213620522547,00904 - PLACE JOFFRE / ECOLE MILITAIRE
2.402775519686335,48.8910789762746,35010 - GERVAIS (PANTIN)
2.349380045291025,48.85398414441304,04001 - NOTRE DAME
2.270408657395703,48.855484883720074,16026 - RANELAGH
2.451960306308826,48.849744956976856,43010 - JARRY (VINCENNES)
2.30230766886348,48.843277330035214,15012 - MADEMOISELLE
2.396129200445667,48.907226012664125,35002 - JAURES 2 (PANTIN)
2.369791245076398,48.87752002849063,10038 - COLONEL FABIEN
2.318353021413872,48.829570404732145,14025 - JACQUIER
2.332976511564311,48.87428447542072,09031 - PROVENCE
2.346756667548724,48.859896314441485,01004 - MARGUERITE DE NAVARRE
2.35258144286207,48.861419072223185,04021 - BEAUBOURG RAMBUTEAU
2.389795409535456,48.8685264710698,20034 - SORBIER - MÉNILMONTANT
2.398228667282044,48.864295696165875,20024 - GAMBETTA - PÈRE LACHAISE
2.383950863420485,48.81084586456464,42010 - ROBESPIERRE (IVRY)
2.306943605660779,48.81386296358667,21205 - JAURES 2 (MONTROUGE)
2.352526659355508,48.89740678787196,18105 - BELIARD POISSONNIERS
2.335067885565505,48.84254096604404,06018 - MICHELET ASSAS
2.412058016605679,48.85402328452585,20009 - DOCTEUR DEJERINE
2.432569781846518,48.857477789996096,31007 - PARIS 1 (MONTREUIL)
2.302621940941139,48.835524753591024,15122 - PLACE CHARLES VALLIN
2.264277072081002,48.85738212799326,16020 - PORTE DE PASSY
2.296506343553357,48.82330323408161,21706 - BLEUZEN (VANVES)
2.343704536722773,48.851581340028176,05001 - SAINT GERMAIN HARPE
2.290781380114821,48.86741186571367,16008 - GALILEE KLEBER
2.340014585442034,48.89104123261663,18020 - RUISSEAU
2.357092654363953,48.85381414531594,04011 - PLACE DU BATAILLON FRANCAIS DE L'ONU
2.313458608254228,48.82183564791793,22403 - BROSSOLETTE (MALAKOFF)
2.325570111724113,48.874230055580306,08007 - HAUSSMANN ROME
2.392093119901052,48.88477085803391,19103 - MANIN CARRIERES
2.342248144661283,48.90249976045801,34004 - VOLTAIRE (SAINT OUEN)
2.306675575720671,48.866887649978096,08038 - FRANCOIS 1 ER
2.326427352474812,48.879581165638115,08010 - LIEGE
2.368528699972122,48.82196244101745,13041 - PORTE D'IVRY
2.35189147061665,48.858828988192535,04019 - BEAUBOURG SAINT MERRY
2.376515,48.883777,19030 - MOSELLE JAURES
2.278959824969939,48.87793081716105,16003 - ANDRE MAUROIS
2.291959872467908,48.81893986428991,21702 - BASCH (VANVES)
2.302328737691185,48.832207345184806,15046 - GEORGES BRASSENS
2.333445220031193,48.85549998439073,06002 - SAINT PÈRES
2.400950502014892,48.879930415528435,19036 - HOPITAL ROBERT DEBRE
2.338520131151779,48.86243023476397,01013 - SAINT HONORE
2.312593886564347,48.89434509295415,17106 - BERTHIER PORTE DE CLICHY
2.319392143923804,48.83617286014242,14034 - RUE DE L OUEST CHATEAU
2.397212376289136,48.8394854026542,12037 - DAUMESNIL
2.426434490609822,48.85628451618644,31005 - PARIS 2  (MONTREUIL)
2.351194996458793,48.85712865130369,04017 - PLACE DE L'HOTEL DE VILLE
2.288819729513169,48.823599644256994,21705 - HUGO (VANVES)
2.361203538755455,48.855023999040945,04010 - SAINT PAUL PAVÉE
2.327897409164145,48.895809485802886,17003 - JACQUES KELLNER
2.29991625786582,48.8740144756374,08104 - FRIEDLAND CHATEAUBRIAND
2.310257927534994,48.85727649829621,07017 - LA TOUR MAUBOURG
2.284023691218167,48.88668137249892,23011 - BINEAU (LEVALLOIS)
2.301417436043831,48.8290542164508,15043 - BRANCION
2.376068100310425,48.83505071580454,13123 - BIBLIOTHÈQUE FRANÇOIS MITTERAND
2.412330328844772,48.849266043601794,20005 - RUE DE LAGNY SAINT MANDE
2.349941991688297,48.88519800938002,18007 - GOUTTE D' OR
2.296008076086666,48.83026939028785,15044 - J DUPRE
2.42020915533382,48.8812154273023,32604 - KOCK (LES LILAS)
2.320263946784738,48.84308531746595,15002 - BOURDELLE
2.312727390214462,48.84265080464087,15005 - PLACE TREFOUEL
2.362424,48.879305,10026 - CHATEAU LANDON
2.374332000856194,48.828974744329585,13052 - TOLBIAC LERREDE
2.325042670917036,48.8228575017159,14018 - PORTE D'ORLEANS
2.270338379746369,48.838171310248995,15068 - BOULEVARD VICTOR
2.283209000018466,48.84329535889522,15063 - SAINT CHARLES - CONVENTION
2.4236494905184,48.8752669984009,31703 - CARNOT (BAGNOLET)
2.237570110207174,48.84829980953699,21001 - TRANSVAL (BOULOGNE-BILLANCOURT)
2.331552216736739,48.841739161230905,06010 - MONTPARNASSE CHEVREUSE
2.319793923972548,48.876201162155006,08018 - SAINT AUGUSTIN
2.427406302761393,48.845719900926,43003 - PARIS 2 (VINCENNES)
2.299244076945987,48.848656315905245,15023 - LA MOTTE PIQUET
2.355745499998791,48.845616878509624,05023 - PLACE JUSSIEU
2.418317476567148,48.84354695991566,41602 - DIGEON (SAINT MANDE)
2.32750599924383,48.8172449116699,21202 - BARBES (MONTROUGE)
2.399762385981272,48.848364667776785,20001 - PLACE DE LA NATION
2.343573575733007,48.849770370603345,05030 - SORBONNE
2.261263518031739,48.886704983104785,22003 - BEFFROY (NEUILLY)
2.362261761814593,48.86909174869475,10011 - BOURSE DU TRAVAIL
2.404769691129476,48.87660391892763,19037 - PORTE DES LILAS
2.31712992065507,48.90146015675393,21103 - HUGO (CLICHY)
2.381868729508476,48.89465024997023,19008 - CORENTIN CARIOU
2.35697189328747,48.81201281428704,42704 - ROSSEL (LE KREMLIN BICETRE)
2.350422032913929,48.822203096341305,13109 - BRILLAT SAVARIN
2.309453550914185,48.861273016278126,07016 - TOUR MAUBOURG UNIVERSITE
2.296238450505518,48.84709868413047,15022 - ZOLA
2.344513876337893,48.873781940593325,09011 - FOLIES BERGERES
2.307083216664497,48.885069943671056,17020 - NICARAGUA
2.364714992099186,48.85815895677863,03002 - SAINT GILLES
2.353213071624058,48.886667026375136,18008 - SQUARE LEON
2.400571894427273,48.89571394982448,35005 - GENERAL LECLERC (PANTIN)
2.383041177204182,48.85328931895065,11007 - FAIDHERBE PALAIS DE LA FEMME
2.331303600860387,48.836850815842105,14003 - RASPAIL SCHOELCHER
2.400976623546542,48.867925154026736,20026 - PELLEPORT
2.325681935889154,48.85546173595601,07005 - BAC
2.374033209740869,48.89909167251088,19110 - MACDONALD DUCHESNE
2.28538759483169,48.8311001872726,15126 - RENAN
2.360989417022932,48.83950442458303,13013 - SAINT MARCEL
2.410013540400843,48.823784089670774,42206 - PARIS 2 (CHARENTON)
2.320417393123817,48.84857760756107,07002 - VANEAU
2.339926428187734,48.820150107758145,14015 - CITE UNIVERSITAIRE
2.38488615344003,48.854304177811706,11112 - CHARONNES VALLES
2.418029659686782,48.89394371318989,35007 - DELESSERT (PANTIN)
2.263816341546103,48.829743387678306,21306 - LAFAYETTE (ISSY LES MOULINEAUX)
2.395985553624166,48.87792341192515,19113 - PRE ST GERVAIS
2.376943795472109,48.81584739281451,42016 - CURIE (IVRY)
2.417816934736978,48.868453299036005,31701 - BERTON (BAGNOLET)
2.264394118075111,48.84096295264689,16039 - VERSAILLES EXELMANS
2.305478634195716,48.85495116800671,07019 - ECOLE MILITAIRE
2.356877340669728,48.83907826424974,05105 - GEOFFROY SAINT HILAIRE
2.41563660714614,48.8464193692794,12115 - PORTE DE VINCENNES
2.379143742302604,48.911104809734795,33010 - HUGO (AUBERVILLIERS)
2.375240347026149,48.855512861322296,11003 - ROQUETTE DALLERY
2.349399999750171,48.86126206976475,01005 - LES HALLES - SEBASTOPOL
2.286394496925036,48.86354640344584,16014 - AVENUE D EYLAU
2.302899459965933,48.82146007977343,22402 - JAURES (MALAKOFF)
2.338118505144376,48.87514373494672,09111 - LA FAYETTE PROVENCE
2.338812297029362,48.884482392727506,18004 - ABBESSES
2.388590733869235,48.9011641133776,19010 - PORTE DE LA VILLETTE
2.341967436827206,48.82884021838649,13107 - MARCHAND SANTE
2.320133661435273,48.89953828305808,17109 - BOIS LE PRÊTRE
2.378255841512857,48.86421167470377,11018 - SAINT MAUR AVENUE DE LA REPUBLIQUE
2.304111124531457,48.887070607581215,17022 - PLACE DE WAGRAM
2.324031278297223,48.817817093901425,21210 - PERI 2 (MONTROUGE)
2.318885353974425,48.894768624696255,17010 - JONCQUIERE
2.400576593854137,48.89732893682894,35004 - ALLENDE (PANTIN)
2.337201547845077,48.871815737396304,09023 - ITALIENS LAFFITE
2.337803430969035,48.84336424277311,06104 - HERSCHEL
2.313320636502019,48.902615193840354,21105 - MORICE (CLICHY)
2.365939153127159,48.847725125668795,04006 - BASSIN DE L'ARSENAL
2.316449640798716,48.88120833279596,17024 - VILLIERS
2.385133097618902,48.86804941024793,20033 - ETIENNE DOLET
2.288247405087516,48.87617438949852,17038 - ARGENTINE
2.379264325090339,48.846268789803915,12009 - DIDEROT
2.40238243434276,48.8147064321348,42005 - GAMBETTA (IVRY)
2.322329320868037,48.87711191876653,08110 - STOCKOLM ROME
2.319510026901171,48.84180717987971,15003 - GARE DE MONTPARNASSE
2.389595227215854,48.844312608440106,12013 - RUE MONTGALLET
2.340055232817477,48.8613894682984,01025 - TEMPLE DE L'ORATOIRE
2.246064151544099,48.83792331477095,21008 - HUGO (BOULOGNE-BILLANCOURT)
2.398745664948547,48.83158812517445,12040 - PORTE DE CHARENTON
2.3654696281062,48.8232196831694,13039 - IVRY POINTE D'IVRY
2.377263236877398,48.83124496844904,13054 - PAU CASALS
2.2872501634709,48.850614750906075,15029 - EMERIAU
2.371074522980134,48.88339733854529,19004 - QUAI DE LA LOIRE
2.317482930639117,48.83729330936107,14114 - PLACE DE CATALOGNE
2.26863109328801,48.82267836713668,21307 - CRESSON 1 (ISSY LES MOULINEAUX)
2.326481486218277,48.874808024965695,08009 - SAINT LAZARE RER
2.40164810555835,48.8294214716652,42208 - PARIS 4 (CHARENTON)
2.300034397977882,48.887849493840015,17102 - ALFRED ROLL
2.338023450388167,48.89669238777841,18033 - MOSKOWA
2.358442053954938,48.906469373243816,32001 - PROUDHON (SAINT DENIS)
2.381797702650783,48.858001906023354,11022 - LEON BLUM ROQUETTE
2.418912369645038,48.883240251645354,32606 - GARDE CHASSE (LES LILAS)
2.350220976096221,48.861883102214215,04104 - SEBASTOPOL RAMBUTEAU
2.300476865047907,48.81933915840963,22405 - NORD (MALAKOFF)
2.302503160581296,48.90513700396853,21109 - GUICHET (CLICHY)
2.376929360592796,48.84681513232972,12008 - HECTOR MALOT
2.368025612608799,48.9031834065108,33001 - EMGP (AUBERVILLIERS)
2.281477522417188,48.86810888689743,16011 - VICTOR HUGO RUE DE LA POMPE
2.304315446715835,48.87007033911426,08040 - CHAMPS ELYSEES CHARRON
2.361571534156357,48.82363397638854,13113 - CHOISY VISTULE
2.33107516002003,48.88015398585977,09028 - MONCEY BLANCHE
2.34701133583386,48.88861971645056,18015 - CUSTINE
2.39552056485834,48.847301800009085,12014 - NATION
2.334689654662475,48.808800394993376,41102 - RENAN (ARCUEIL)
2.3486324654447,48.866973714239656,02004 - REAUMUR MONTORGUEIL
2.332672227475083,48.83314079924711,14005 - DENFERT ROCHEREAU
2.24786255060931,48.83486081059702,21019 - VAILLANT (BOULOGNE-BILLANCOURT)
2.359432938466414,48.819894618061376,13032 - MASSENA
2.263834191152959,48.84021933807409,16041 - VERSAILLES
2.372375389059736,48.83636225239755,13019 - AURIOL QUAI DE LA GARE
2.331647722906649,48.8525574216674,06032 - RENNES SABOT
2.392532526632664,48.855943779580954,11104 - CHARONNE DU BUREAU
2.323838437789417,48.85831864690376,07008 - SOLFERINO
2.426198422131812,48.848879019004286,43002 - LAGNY (VINCENNES)
2.320284,48.881914,08051 - CHAPTAL
2.30808901725357,48.84132050184004,15014 - VOLONTAIRES
2.386099720372164,48.87751625686576,19120 - ALOUETTES
2.339947307565249,48.855296898603285,06014 - PONT DE LODI DAUPHINE
2.394692664106047,48.833821772922654,12112 - CHARENTON JARDINIER
2.315158529047339,48.83163970406255,14028 - PLAISANCE ALESIA
2.362853604262514,48.88959697085082,18109 - RIQUET PAJOL
2.293178754328878,48.856502977695634,07025 - SUFFREN TOUR EIFFEL
2.314838279495265,48.860769957997334,07010 - INVALIDES
2.332394592929583,48.84672098257342,06009 - GUYNEMER LUXEMBOURG
2.350476198934541,48.81576879198393,42505 - FREROT (GENTILLY)
2.349649636832728,48.87077436024043,10003 - HAUTEVILLE
2.379670589115164,48.81020034796607,42012 - BARBUSSE (IVRY)
2.381301904923526,48.86119441933017,11026 - CHEMIN VERT SAINT MAUR
2.338161695134053,48.851751374458864,06028 - ODEON QUATRE VENTS
2.343789204183994,48.81018525895405,42501 - RASPAIL 1 (GENTILLY)
2.29500791364336,48.854851748835294,15071 - CHAMP DE MARS COTE 16EME
2.364732494174034,48.89890275343664,18103 - CHARLES HERMITE
2.255699331629116,48.875360283908314,22007 - CHARCOT (NEUILLY)
2.472408774870391,48.84630286069407,41201 - DE RICARD (FONTENAY SOUS BOIS)
2.295586926020252,48.83767682233156,15052 - CONVENTION
2.3967191724427,48.8190127185084,42004 - COUTURIER (IVRY)
2.326973305586841,48.847517829441934,06004 - REGARD
2.357108449556404,48.83815160808658,13006 - SAINT MARCEL JEANNE D'ARC
2.411003035880057,48.87354903513999,20038 - LEON FRAPIE
2.292173541441698,48.84245875550452,15035 - PLACE ETIENNE PERNET
2.260645985489782,48.82412590462087,21305 - MADAULE (ISSY LES MOULINEAUX)
2.337848437179539,48.849580002186286,06017 - SENAT CONDE
2.369126815717134,48.829575726838485,13044 - PLACE JEANNE D'ARC
2.408205411854939,48.86422186786416,20022 - PORTE DE BAGNOLET
2.362430212982278,48.85127148209335,04005 - SULLY MORLAND
2.431421081436563,48.83544491617421,12122 - POLYGONE
2.415081394834419,48.843949064031825,12114 - PORTE DE SAINT MANDE
2.343969017042765,48.90630480606801,34006 - MICHELET (SAINT OUEN)
2.251019571526973,48.821030252865725,21302 - BRIAND (ISSY LES MOULINEAUX)
2.32088453254631,48.8182337326032,21206 - PERI (MONTROUGE)
2.326541134127944,48.843295457036824,06005 - MONTPARNASSE
2.341920411962299,48.86600263256513,02006 - PLACE DES VICTOIRES
2.314000411222978,48.88240228540158,17048 - TOCQUEVILLE
2.274354539176829,48.86877849178477,16012 - BOULEVARD FLANDRIN
2.227477476770916,48.87100304154044,21502 - VERDUN (SURESNES)
2.304507420961214,48.84005771883908,15019 - VAUGIRARD CAMBRONNE
2.278717697019357,48.83653728947088,15056 - BALARD
2.336893453557286,48.89913599014183,18035 - PORTE MONTMARTRE
2.312688328662078,48.84750225840085,07013 - PLACE DE BRETEUIL
2.246214231580669,48.84317665587707,21002 - DENFERT ROCHEREAU (BOULOGNE-BILLANCOURT)
2.369250483580839,48.851311187409664,12001 - BASTILLE
2.257651561474888,48.84889282099704,16035 - HYPPODROME D AUTEUIL
2.301771435325988,48.874750203956566,08053 - FRIEDLAND
2.339799899316122,48.87662212037311,09015 - LAMARTINE
2.366819682140966,48.82049518804969,13117 - STADE GEORGES CARPENTIER
2.352184894826549,48.87503405624492,10019 - PARADIS
2.357500683686108,48.91519864243704,32004 - BAILLY (SAINT DENIS)
2.307487564419454,48.871512741519155,08050 - BOETIE PONTHIEU
2.353852672868236,48.807211123250035,42701 - GIDE (LE KREMLIN BICETRE)
2.356094018642288,48.875384905581136,10018 - ALBAN SATRAGNE
2.336679631444242,48.88207022703438,09018 - PLACE PIGALLE
2.37933010909776,48.8988301928079,19045 - CANAL SAINT DENIS - BD MACDONALD
2.353573372638597,48.88832421845225,18014 - DOUDEAUVILLE LEON
2.33529683976619,48.873385805429535,09024 - LAFAYETTE TAITBOUT
2.421429940007031,48.84923030086477,31001 - LAGNY (MONTREUIL)
2.298528265679806,48.87170519139307,08003 - GALILLE
2.321359676280949,48.87995716383757,08019 - EUROPE
2.281755540138765,48.838734408274696,15032 - LOURMEL
2.311768175774796,48.91042912572328,21112 - DEBUSSY (CLICHY)
2.40568863716159,48.8615729587877,20108 - HOSPICE DEBROUSSE
2.329558517454781,48.89876008065392,17115 - PORTE DE SAINT OUEN
2.44314211823533,48.8589230268289,31011 - STALINGRAD 2 (MONTREUIL)
2.417909769042342,48.84931182683785,41604 - LAGNY (SAINT MANDE)
2.3680844979417,48.8761373390584,10115 - DODU
2.361050487092021,48.859846683206975,03008 - PERLE
2.307485841267489,48.81755975358179,22404 - BROSSOLETTE 2 (MALAKOFF)
2.313276757777748,48.82656671997367,14022 - BRUNE DIDOT
2.416022960021078,48.84706441752541,20004 - PORTE DE VINCENNES BIS
2.401513597307666,48.851617204998654,20007 - BUZENVAL
2.274875298344967,48.870753284048824,16004 - BOULEVARD LANNES
2.304040560698093,48.89935963697993,21107 - SINCHOLLE (CLICHY)
2.358845525233447,48.89648283189724,18102 - RUE DE LA CHAPELLE
2.280008411904129,48.846383773003375,15065 - HUMBERT
2.253869419958486,48.81948999388875,21301 - SAINT VINCENT (ISSY LES MOULINEAUX)
2.368117527990073,48.88126816395289,10037 - VERSION 2 JAURES
2.298286466799226,48.88526331365403,17027 - PEREIRE LEVALLOIS
2.329431421945852,48.86479366612619,01018 - RIVOLI TUILERIE
2.355430714244752,48.84108002201592,05028 - CENSIER BUFFON
2.301293384670141,48.85091460817171,15024 - LAOS
2.293692133647844,48.871213712191214,16001 - AVENUE DES PORTUGAIS
2.346794374352219,48.813127647916225,42502 - RASPAIL 2 (GENTILLY)
2.39105149687865,48.9145061128239,33013 - RECHAUSSIERE (AUBERVILLIERS)
2.400421852042113,48.86095933229224,20020 - PYRENEES RENOUVIER
2.326483540969424,48.878034461503965,08101 - LONDRES AMSTERDAM
2.397813642189543,48.89034195521685,19034 - PANTIN
2.345412681213507,48.845143494008845,05012 - ULM - LHOMOND
2.356119082991818,48.87686690577979,10022 - CHABROL SAINT QUENTIN
2.271589911985344,48.840094446742086,15058 - GEORGES POMPIDOU
2.239818996972534,48.840023256521405,21004 - JAURES 2 (BOULOGNE-BILLANCOURT)
2.394981240086619,48.82032218367611,42001 - JULES (IVRY)
2.28574594430153,48.8664391603377,16009 - SAINT DIDIER
2.31316505435543,48.87659994083545,08035 - NARVICK
2.349497789857777,48.84506225637803,05016 - CONTRESCARPE-THOUIN
2.352430514838522,48.88095574164779,10033 - LARIBOISIERE
2.340811882152406,48.83136668000465,14007 - SAINT JACQUES FERRUS
2.36087734922712,48.8983850226507,18048 - PORTE DE LA CHAPELLE
2.243900532079072,48.833473679272245,21017 - REPUBLIQUE 1 (BOULOGNE-BILLANCOURT)
2.319149052579355,48.857829110709226,07102 - SAINTE CLOTHILDE
2.275283,48.872381,16135 - STADE WILMILLE
2.33048422584945,48.87673249893723,09102 - PLACE D'ESTIENNE D'ORVES
2.358379192454538,48.87935510317391,10027 - DUNKERQUE
2.328514546230014,48.84920849993863,06025 - RENNES - ASSAS
2.361041166442304,48.812800296374675,42705 - CONVENTION (LE KREMLIN BICETRE)
2.342707561978307,48.86377283202625,01024 - LOUVRE COQ HERON
2.3175909298999,48.890020496141,17111 - LEMERCIER
2.340753448052758,48.87326713758289,09013 - MAIRIE DU 9EME
2.318624221125004,48.859068394963046,07011 - ST DOMINIQUE
2.338290105850787,48.87144635392104,02013 - RICHELIEU DROUOT
2.399461451982782,48.87563618071149,19040 - TELEGRAPHE
2.318447431048976,48.824489702456674,14021 - PLACE DE LA PORTE DE CHATILLON
2.372651428265507,48.86180485207153,11011 - RICHARD LENOIR
2.418772429756711,48.85491133239913,31003 - PARIS (MONTREUIL)
2.356183369179921,48.82903204071324,13029 - ITALIE
2.33405760804708,48.86367225536575,01014 - RIVOLI MUSEE DU LOUVRE
2.368694139840156,48.895090329766326,18108 - EVANGILE
2.383553994571467,48.858688774062955,11023 - LEO FROT ROQUETTE
2.344526615114217,48.867467441464115,02021 - CLERY
2.335301237471689,48.901327032601834,34003 - CURIE (SAINT OUEN)
2.397910366434026,48.893800171035025,19043 - PETITS PONTS
2.346261998538882,48.88210763435887,09006 - TRUDAINRE ROCHECHOUART
2.289918722838758,48.869260223734464,16006 - RUE LAURISTON
2.389147640809553,48.85288867036487,11102 - RUE DES BOULETS ( COMPLEMENTAIRE )
2.344986482110517,48.89092238296793,18021 - MARCADET - RAMEY
2.308531843822157,48.83831247462415,15016 - DUTOT
2.282173218142987,48.8569864146289,16112 - CHERNOVITZ
2.39826154064032,48.81466008216803,42003 - INSURRECTION AOUT 1944 (IVRY)
2.261530819987246,48.884707293437835,22004 - CHARLES DE GAULLE (NEUILLY)
2.26848387135299,48.84749841771691,16032 - EGLISE D AUTEUIL
2.400038749270361,48.85392327608324,20012 - BUZENVAL VIGNOLES
2.367735489853108,48.824810840809405,13114 - NATIONALE DUCHAMP (PROP 1)
2.411899977886774,48.878590348828126,32601 - PARIS (LES LILAS)
2.332897827913839,48.886456815828815,18003 - JOSEPH DE MAISTRE LEPIC
2.368400806960401,48.8537973449702,04101 - BASTILLE
2.306874517122675,48.83657566425033,15018 - ALLERAY
2.387724496163364,48.86554086710007,20031 - DURIS
2.310466238030852,48.83633386181695,15017 - PROCESSION
2.348388757504776,48.87397217237368,10005 - CONSERVATOIRE
2.314521605640858,48.88714045186671,17017 - PONT CARDINET
2.318404862782852,48.87798402750352,08027 - MAIRIE DU 8 ÈME
2.3109360795034,48.838758813496995,15112 - FALGUIÈRE LEBRUN
2.241975493693907,48.878706853467605,28001 - WALLACE (PUTEAUX)
2.326293689316426,48.886627148560976,18045 - GANNERON
2.440446664251129,48.837061492855675,12125 - PYRAMIDE ENTRÉE PARC FLORAL
2.278072424368198,48.88780106859287,22014 - HUGO (NEUILLY)
2.351222168052346,48.87710035109807,10020 - CHABROL
2.260736413345762,48.820955107880074,21304 - BLUM (ISSY LES MOULINEAUX)
2.352820057031213,48.880370620982944,10028 - GARE DU NORD DENAN
2.354236781419645,48.862464980403914,03010 - BEAUBOURG
2.375195196724585,48.864541626812056,11105 - REPUBLIQUE PARMENTIER
2.313885419949291,48.871476421300954,08032 - MATIGNON
2.370554639861521,48.856870467758306,11033 - BREGUET SABIN
2.397253782195704,48.83761417037952,12111 - DECAEN CANNEBIERE
2.343123803367338,48.84651692058683,05006 - SAINT JACQUES SOUFFLOT
2.2340164013498,48.832274660165,21011 - SILLY (BOULOGNE BILLANCOURT)
2.366886248240863,48.88702120343877,18039 - EOLE
2.356855627529275,48.88611466796807,18009 - LEPINE
2.298631654119718,48.822528306004045,22401 - DE GAULLE (MALAKOFF)
2.329465611700831,48.872971251927126,09032 - MATHURINS
2.296149600985935,48.868144510482075,16015 - RUE DE BASSANO
2.417410435403506,48.8390304317692,41601 - GENERAL DE GAULLE (SAINT MANDE)
2.233496775544275,48.84159702890181,21006 - PARIS (BOULOGNE-BILLANCOURT)
2.333653376162832,48.89801434321367,18112 - HÔPITAL BICHAT
2.273313693518059,48.82129237695624,21308 - LASSERRE (ISSY LES MOULINEAUX)
2.370532330985574,48.83908421830948,13020 - MENDES FRANCE
2.375281319974922,48.9113936890419,33011 - FAURE (AUBERVILLIERS)
2.373759595522922,48.888013281448345,19005 - RIQUET
2.375870111706245,48.850735824128805,12004 - TRAVERSIERE
2.311279543410485,48.816290677003934,21201 - JAURES (MONTROUGE)
2.427390310720301,48.85845965431733,31013 - CENTENAIRE (MONTREUIL)
2.281890736577358,48.86387513126816,16108 - SABLONS
2.362354410392119,48.83252708397293,13017 - NATIONALE
2.403950752208758,48.871265918355746,20037 - SAINT FARGEAU
2.341394999257386,48.871242274166406,02108 - VIVIENNE
2.305254448220567,48.87836138361425,08044 - VAN DYCK
2.376358449431232,48.848175129981016,12101 - CHARENTON PRAGUE
2.444987425339264,48.85681112307105,31010 - STALINGRAD (MONTREUIL)
2.333785290429607,48.821111770492195,14124 - PORTE D'ARCUEIL
2.363468636860069,48.84183617360056,13514 - GARE D'AUSTERLITZ 2
2.363748444641593,48.84315817822931,05035 - BUFFON AUSTERLITZ
2.374203690051493,48.84568897556758,12007 - GARE DE LYON CHALON
2.334465461882703,48.85330527759475,06012 - SAINT GERMAIN COPEAU
2.347201329520476,48.848919007908286,05007 - ECOLES CARMES
2.386370278568759,48.83230838936651,12034 - PIROGUES DE BERCY
2.232531432424099,48.83550440751353,21010 - SILLY (BOULOGNE-BILLANCOURT)
2.36180984825322,48.8123678293798,42707 - OKABE (LE KREMLIN-BICETRE)
2.383375417280365,48.88915491757438,19015 - THIONVILLE
2.30567210645885,48.827989487365954,14024 - RAYMOND LAUSSERAND
2.353281344612189,48.856246721700735,04016 - LOBAU
2.315363038202961,48.8405958674037,15004 - VAUGIRARD PASTEUR
2.342198228067738,48.85083365440354,06031 - SAINT MICHEL SARRAZIN
2.36960946333546,48.8984521733198,18049 - PTE D'AUBERVILLIERS
2.271540900630842,48.880939489446405,22009 - DE GAULLE 2 (NEUILLY)
2.419848968734546,48.889488420014786,35013 - TELL (PANTIN)
2.394825009354706,48.85616737956336,20014 - ALEXANDRE DUMAS
2.36628044396993,48.87113994970465,10013 - SAINT LOUIS
2.32955509720774,48.839199167158384,14002 - RASPAIL QUINET
2.336710402545291,48.806380010297374,41101 - DOUMER (ARCUEIL)
2.344181922989554,48.81625825722598,13027 - MAZAGRAND COUBERTIN
2.371231986681921,48.832570718038,13015 - WEISS
2.383125490914395,48.903964024558526,33003 - FAURE (AUBERVILLIERS)
2.287400457411747,48.81467965888627,22407 - BARBUSSE (MALAKOFF)
2.330849949028507,48.88320784122797,09038 - SQUARE BERLIOZ
2.298000156576173,48.81524985420581,22406 - MOQUET (MALAKOFF)
2.280989480484553,48.816939911291605,21701 - LARMEROUX (VANVES)
2.356140327475379,48.849159689167834,05020 - PONT DE SULLY RIVE GAUCHE
2.350517738222509,48.88778177066001,18013 - CHATEAU ROUGE
2.310714419009491,48.896787395899615,17014 - PORTE DE CLICHY - AVENUE DE CLICHY
2.414860628003844,48.85839567854653,31707 - VAILLANT (BAGNOLET)
2.334846327550268,48.86349701996373,01023 - ANDRE MALRAUX MUSEE DU LOUVRE
2.284607607567737,48.851167240679665,15102 - SQUARE BELA BARTOK
2.340563686363604,48.867293262819686,02008 - MAIRIE DU 2EME
2.321289421006791,48.84703008062633,06108 - SAINT ROMAIN CHERCHE MIDI
2.375130199053175,48.807259280597854,42009 - VERDUN (IVRY)
2.326412869398186,48.82503085292528,14019 - SARETTE GENERAL LECLERC
2.329794221763396,48.842738478257814,06007 - VAVIN
2.372705978671471,48.86787670551736,11034 - PARMENTIER FONTAINE AU ROI
2.297831064713626,48.878410386482805,17045 - PLACE DES TERNES - 5
2.245911467014621,48.828753141436465,21016 - POINT DU JOUR (BOULOGNE-BILLANCOURT)
2.38090637715497,48.86382517434147,11028 - BLUETS REPUBLIQUE
2.261746386041142,48.862081867033794,16129 - BOIS DE BOULOGNE / PORTE DE LA MUETTE 1
2.358218345030439,48.83540571295384,13011 - COMPO FORMIO
2.283692380806422,48.836709496490144,15055 - VASCO DE GAMA
2.359801238597928,48.875034655883944,10016 - VILLEMIN
2.33149745979217,48.9057350760539,34008 - GARIBALDI (SAINT OUEN)
2.389724508120191,48.83884902339515,12029 - DUGOMMIER
2.348274936304947,48.902553278222726,34005 - LESENNE (SAINT OUEN)
2.329319363216664,48.831506675674554,14008 - MOUTON DUVERNET
2.309900498213689,48.89710985013293,21102 - NATIONS UNIES (CLICHY)
2.32899674681117,48.84846886395447,06030 - ASSAS-VAUGIRARD
2.370984374239959,48.8600393112308,11103 - RICHARD LENOIR
2.302549182385926,48.86492098253841,08045 - ALMA
2.401400707666872,48.845128293794325,12016 - PICPUS
2.358633579117469,48.85851071299225,04013 - FRANCS BOURGEOIS
2.291498184912626,48.87949288672707,17036 - AVENUE DE TERNES
2.441520442445324,48.85581031101047,31012 - CARNOT (MONTREUIL)
2.375636525867217,48.86082070611917,11041 - SAINT AMBROISE
2.27917948878684,48.8983498515127,23002 - FRANCE (LEVALLOIS)
2.341442522468474,48.85239300931143,06016 - DANTON
2.284444356553717,48.877750033418835,17042 - PORTE MAILLOT
2.360231840755094,48.825970136397075,13035 - IVRY TOLBIAC
2.40344426132457,48.8597776444599,20048 - BAGNOLET
2.3325151052685,48.8691131525953,02014 - SAINT AUGUSTIN
2.323313445980224,48.83014719579205,14026 - PLANTES MOULIN VERT
2.267800008253524,48.885140053090865,22013 - SAINTE FOY (NEUILLY)
2.46308263962204,48.84367434144252,41202 - CHARMES (FONTENAY SOUS BOIS)
2.296836251513375,48.89605104637654,23005 - BRIAND (LEVALLOIS)
2.259821391742079,48.843104494735165,16040 - EXELMANS
2.386593289210004,48.8592429763213,11110 - SQUARE ROQUETTE
2.341960937955673,48.86223871704716,01027 - BERGER
2.38372328828755,48.851532005340125,11107 - BIBLIOTHEQUE FAIDHERBE
2.310623417567974,48.888199236153696,17049 - SAUSSURE
2.314553524187054,48.87960645718048,08037 - MALSHERBES MONCEAU
2.292587522548244,48.828174936365855,15045 - PLAINE
2.342450012678194,48.89002290339246,18016 - FRANCOEUR CAULAINCOURT
2.253719988007252,48.83199981539791,21020 - REPUBLIQUE 2 (BOULOGNE-BILLANCOURT)
2.370774488055213,48.889351453486974,19002 - TANGER
2.300186572268202,48.87134532710352,08115 - BASSANO
2.256939537401627,48.84524431387353,16036 - PORTE MOLITOR
2.283682661669767,48.881725659667424,17104 - GENERAL KOENIG
2.377388863133627,48.88630005108641,19117 - EURYALE DEHAYNIN
2.396222890988687,48.867362297165805,20111 - L'ISLE ADAM PYRENÉES
2.356109465877721,48.88414119396773,10041 - CHARTRES (18 ARR.)
2.381464662877906,48.8779512535706,19024 - BUTTES CHAUMONT
2.335504665009827,48.85165969291236,06022 - MARCHE SAINT GERMAIN - MABILLON
2.306228565729878,48.903621012155874,21108 - VILLENEUVE 2 (CLICHY)
2.409830941796777,48.82558443109317,12119 - DOM PÉRIGNON GRAVELLE
2.285089933584791,48.89834000227244,23003 - WILSON (LEVALLOIS)
2.262930039103354,48.852618846108584,16115 - RAFFET
2.281512522529856,48.87356870686902,16102 - PERGOLÈSE/ MARBEAU
2.41112578185621,48.86216198070008,20104 - RUE LOUIS LUMIÈRE
2.368628715748762,48.879332174655,10110 - LOUIS BLANC (PROP 2)
2.321173502143062,48.821216789689345,14020 - PORTE DE MONTROUGE
2.403179367969562,48.881769793858254,19124 - ALEXANDER FLEMMING
2.341878566630611,48.870314763994976,02102 - SAINT MARC
2.353468135133752,48.835092787823875,13007 - LE BRUN GOBELINS
2.379020587761426,48.856433706943704,11006 - LEDRU ROLLIN-BASFROI
2.408762907764669,48.85558642847872,20118 - ORTEAUX MOURAUD
2.378871327120361,48.85882890841428,11024 - BOULEVARD VOLTAIRE
2.281039381009245,48.83621036148383,15110 - PLACE ROBERT GUILLEMARD
2.258576589883702,48.880079643111614,16122 - MUETTE NEUILLY
2.306598534111823,48.85664110011817,07020 - CLER
2.418907594723682,48.83608867952291,41605 - GENERAL DE GAULLE 2 (SAINT MANDE)
2.24921698799858,48.875095937895146,16124 - SÈVRES NEUILLY
2.296681685691776,48.84799219346147,15123 - RUE DU COMMERCE
2.34183165485398,48.84819134858432,05106 - CUJAS
2.270167225273174,48.89051191347665,22001 - CHATEAU (NEUILLY)
2.400927788127704,48.83481262982544,12039 - DECAEN
2.424445808011069,48.85375961633593,31006 - REPUBLIQUE 2 (MONTREUIL)
2.26211277356597,48.845182081538034,16037 - MOLITOR - MICHEL ANGE
2.336686608238879,48.867123446448645,02007 - CHABANAIS
2.342609463824718,48.863580506517565,01008 - LOUVRE / COQUILLERE
2.35190222528039,48.843860353248765,05110 - LACEPEDE
2.382578935054453,48.84486731955409,12011 - CHARENTON
2.356904958415215,48.87963935299516,10151 - GARE DU NORD 1
2.274308524144912,48.858427696615,16021 - RUE FRANCOIS PONSARD
2.405907317017889,48.847724968984686,20503 - COURS DE VINCENNES PYRÉNÉES
2.422549956709779,48.857050394743816,31709 - MARCEL (BAGNOLET)
2.342302645725544,48.86024709541543,01011 - RIVOLI MAIRIE DU 1ER
2.356345144172923,48.821039286989794,13110 - MOULIN DE LA POINTE
2.229589352206592,48.870920487633555,21503 - LEDRU ROLLIN (SURESNES)
2.330567417577153,48.86557114282421,01017 - SAINT HONORE
2.323291341208543,48.892064086245426,17006 - GUY MOCQUET DAVY
2.331418204714572,48.85894298617901,07006 - QUAI VOLTAIRE
2.303222423974782,48.87069015790859,08041 - CHAMPS ELYSEES LINCOLN
2.278549600821535,48.827470501735846,21311 - GAMBETTA (ISSY LES MOULINEAUX)
2.392960787279829,48.875518068648745,19121 - BELLEVILLE PRE SAINT GERVAIS
2.325249045083579,48.866285221156055,01020 - RIVOLI CONCORDE
2.355489390173873,48.87242997325711,10007 - CHATEAU D'EAU
